filename, Billboard
pexels-abhinash-mahanta-4852184-1920x1080-30fps_mp4-22_jpg.rf.024aab4d2391f6da80f80642e5fec113.jpg, 1
pexels-abhinash-mahanta-4852184-1920x1080-30fps_mp4-118_jpg.rf.002389972b5acf5de8fbeafdc2323924.jpg, 1
pexels-abhinash-mahanta-4852184-1920x1080-30fps_mp4-62_jpg.rf.026d3c4e265a1b5034e630851467b251.jpg, 1
pexels-artem-podrez-6466669-2160x3840-30fps_mp4-6_jpg.rf.007ce5bdca5c4f60e50a030b914130cd.jpg, 0
pexels-abhinash-mahanta-4852184-1920x1080-30fps_mp4-259_jpg.rf.02a597d66bfe9c86d9d2bec2d34ebf79.jpg, 1
pexels-bim-bim-5359848-1920x1080-30fps_mp4-74_jpg.rf.0069702a2a0def4a96407d2d64798235.jpg, 1
pexels-bim-bim-5359848-1920x1080-30fps_mp4-32_jpg.rf.01f7ae26742a6decff932deb9312c03d.jpg, 1
pexels-abhinash-mahanta-4852184-1920x1080-30fps_mp4-148_jpg.rf.01f06a79877d4bd8d01adbd28748bb53.jpg, 1
pexels-bim-bim-5359848-1920x1080-30fps_mp4-59_jpg.rf.05c62ee000e9ac33bf438fe03734e90f.jpg, 1
pexels-artem-podrez-6466669-2160x3840-30fps_mp4-182_jpg.rf.00d90e97f31e493eb38120e31bf5b0e3.jpg, 0
pexels-abhinash-mahanta-4852184-1920x1080-30fps_mp4-85_jpg.rf.0336924fa0686fcd784ea24da2e4771d.jpg, 1
pexels-abhinash-mahanta-4852184-1920x1080-30fps_mp4-144_jpg.rf.09e7164ab4cc5ec25996fd1169a1a592.jpg, 1
pexels-artem-podrez-6466669-2160x3840-30fps_mp4-283_jpg.rf.0b26e4b40c848aa34fcdf318accf42ff.jpg, 1
pexels-artem-podrez-6466669-2160x3840-30fps_mp4-231_jpg.rf.0c3594f004942c712a626f0337904dc9.jpg, 0
pexels-abhinash-mahanta-4852184-1920x1080-30fps_mp4-309_jpg.rf.033cc0c6a1c26288c09036345df64132.jpg, 1
pexels-abhinash-mahanta-4852184-1920x1080-30fps_mp4-100_jpg.rf.0c1ac7d2b1b494d32eecbceca43a6e74.jpg, 1
pexels-artem-podrez-6466669-2160x3840-30fps_mp4-72_jpg.rf.035a10f7e9235072a3c5524e19804251.jpg, 0
pexels-artem-podrez-6466669-2160x3840-30fps_mp4-63_jpg.rf.0f1e10b5996a3f867a73e9385e29464d.jpg, 0
pexels-bim-bim-5359848-1920x1080-30fps_mp4-49_jpg.rf.0c4785e2229e756e8c1e2516259529d3.jpg, 1
pexels-artem-podrez-6466669-2160x3840-30fps_mp4-66_jpg.rf.0c3179da5d100e7a5c26e05762b7f411.jpg, 0
pexels-bim-bim-5359848-1920x1080-30fps_mp4-28_jpg.rf.0a46b83d26ee3ae3b8e8e9e543d00f5b.jpg, 1
pexels-artem-podrez-6466669-2160x3840-30fps_mp4-376_jpg.rf.0e4609d79272e5e08e26cec91fa98747.jpg, 0
pexels-artem-podrez-6466669-2160x3840-30fps_mp4-157_jpg.rf.03ae397d2f59e9d2aa6e5528577bb4d7.jpg, 0
pexels-bim-bim-5359848-1920x1080-30fps_mp4-86_jpg.rf.0caf744d6f871d1dff60913d0739bd2d.jpg, 1
pexels-abhinash-mahanta-4852184-1920x1080-30fps_mp4-304_jpg.rf.0f952a7258db3e2324dd6a3f86fa6092.jpg, 1
pexels-artem-podrez-6466669-2160x3840-30fps_mp4-79_jpg.rf.0fb7e3f6f183c6da30ccb775824021fb.jpg, 0
pexels-bim-bim-5359848-1920x1080-30fps_mp4-71_jpg.rf.0f8258d59e188f40fe841d4e9424dd0c.jpg, 1
pexels-abhinash-mahanta-4852184-1920x1080-30fps_mp4-46_jpg.rf.104338e74f7d7f03b767452e93d35660.jpg, 1
pexels-abhinash-mahanta-4852184-1920x1080-30fps_mp4-49_jpg.rf.0c9c7e353d4d08f099072df900cad1dc.jpg, 1
pexels-artem-podrez-6466669-2160x3840-30fps_mp4-42_jpg.rf.10d3404a5d6a4206271574221747eba8.jpg, 0
pexels-bim-bim-5359848-1920x1080-30fps_mp4-77_jpg.rf.138dba4361f2fcd26431fb15c2189ffe.jpg, 1
pexels-artem-podrez-6466669-2160x3840-30fps_mp4-82_jpg.rf.15b229a12fefce5e0cd474d24f76601d.jpg, 0
pexels-artem-podrez-6466669-2160x3840-30fps_mp4-106_jpg.rf.15d3752c8f7d10f73a5a01d3f4f9850e.jpg, 0
pexels-artem-podrez-6466669-2160x3840-30fps_mp4-4_jpg.rf.1412834c5edd1cf6b2c71dd64efa0a00.jpg, 0
pexels-abhinash-mahanta-4852184-1920x1080-30fps_mp4-244_jpg.rf.0fa6211e32af403cab0ae7cc7c5517de.jpg, 1
pexels-abhinash-mahanta-4852184-1920x1080-30fps_mp4-27_jpg.rf.1d9fa0236dfc67d697d722cf7face673.jpg, 1
pexels-artem-podrez-6466669-2160x3840-30fps_mp4-1_jpg.rf.122969f24e5b39077375ba0e25731136.jpg, 0
pexels-artem-podrez-6466669-2160x3840-30fps_mp4-160_jpg.rf.177b3cf933eacc5594a25e1055920fef.jpg, 0
pexels-abhinash-mahanta-4852184-1920x1080-30fps_mp4-237_jpg.rf.1bb41386e8df602c86665a15bf9da46e.jpg, 1
pexels-abhinash-mahanta-4852184-1920x1080-30fps_mp4-34_jpg.rf.1dd8d041ef1c941763c57a8ddee455a5.jpg, 1
pexels-artem-podrez-6466669-2160x3840-30fps_mp4-34_jpg.rf.1934ca9363808c4788a9eb34698f6370.jpg, 0
pexels-abhinash-mahanta-4852184-1920x1080-30fps_mp4-78_jpg.rf.1aff4a18a9f65ec7c52eab56c81f9c91.jpg, 1
pexels-bim-bim-5359848-1920x1080-30fps_mp4-89_jpg.rf.1818a4bf1edf5f2e2fe19277fc174fbe.jpg, 1
pexels-artem-podrez-6466669-2160x3840-30fps_mp4-75_jpg.rf.1a0c82ccd53bbcb1585ada2941cf5793.jpg, 0
pexels-abhinash-mahanta-4852184-1920x1080-30fps_mp4-123_jpg.rf.1d22e03fef1a0b89b2921f0ba40df26b.jpg, 1
pexels-artem-podrez-6466669-2160x3840-30fps_mp4-288_jpg.rf.1b651e96375977325f818acc3524f5ea.jpg, 1
pexels-artem-podrez-6466669-2160x3840-30fps_mp4-300_jpg.rf.1e109e5eaa8b9fafb79e083966c056d3.jpg, 1
pexels-bim-bim-5359848-1920x1080-30fps_mp4-35_jpg.rf.1c11582a19818f283e1b9e16c473aecb.jpg, 1
pexels-bim-bim-5359848-1920x1080-30fps_mp4-60_jpg.rf.1cc38e42a3caa7dd34c59e741b5d7a5c.jpg, 1
pexels-abhinash-mahanta-4852184-1920x1080-30fps_mp4-219_jpg.rf.1f1701597393a062ebd2318f3e7cc8a8.jpg, 1
pexels-bim-bim-5359848-1920x1080-30fps_mp4-1_jpg.rf.2121063e267cc08730a9f83ebbb51f6c.jpg, 1
pexels-artem-podrez-6466669-2160x3840-30fps_mp4-94_jpg.rf.120db7cbb6b39d5847bce9433fbb4ada.jpg, 0
pexels-artem-podrez-6466669-2160x3840-30fps_mp4-108_jpg.rf.20ad105dd41671cb63628a42f98c52f2.jpg, 0
pexels-artem-podrez-6466669-2160x3840-30fps_mp4-159_jpg.rf.2205289ae7c335f8d696616a6623527b.jpg, 0
pexels-artem-podrez-6466669-2160x3840-30fps_mp4-243_jpg.rf.1c86b723ed4da232d204630556bca443.jpg, 1
pexels-artem-podrez-6466669-2160x3840-30fps_mp4-213_jpg.rf.2286f36f957e2b34c05f8c6a692deadf.jpg, 0
pexels-bim-bim-5359848-1920x1080-30fps_mp4-52_jpg.rf.1e03c25466c45845b3fa696c6fd3640e.jpg, 1
pexels-abhinash-mahanta-4852184-1920x1080-30fps_mp4-64_jpg.rf.21a1efbcea2ae5991186e7e30b92501c.jpg, 1
pexels-artem-podrez-6466669-2160x3840-30fps_mp4-361_jpg.rf.259bc94eed725d6e54d1e54d8ed4cfba.jpg, 0
pexels-artem-podrez-6466669-2160x3840-30fps_mp4-30_jpg.rf.23a9e04e1abccf6643ab8d1e73733a10.jpg, 0
pexels-artem-podrez-6466669-2160x3840-30fps_mp4-178_jpg.rf.2c1f0835b9e44628fa6f57926d5a7695.jpg, 0
pexels-abhinash-mahanta-4852184-1920x1080-30fps_mp4-73_jpg.rf.28d833d09093104c4457f6ccb5b48c12.jpg, 1
pexels-abhinash-mahanta-4852184-1920x1080-30fps_mp4-217_jpg.rf.2c93cf312159ce0134347471b38b44dd.jpg, 1
pexels-artem-podrez-6466669-2160x3840-30fps_mp4-52_jpg.rf.27a4bdbd32cfe3ffd6d81d23ec475377.jpg, 0
pexels-abhinash-mahanta-4852184-1920x1080-30fps_mp4-315_jpg.rf.2412cbae1863e53bb10f0bca673da26a.jpg, 1
pexels-artem-podrez-6466669-2160x3840-30fps_mp4-180_jpg.rf.346936475ff66b57565895b52ee0f2e2.jpg, 0
pexels-artem-podrez-6466669-2160x3840-30fps_mp4-268_jpg.rf.28538b09634f3e1d7b71b26ea47cef92.jpg, 0
pexels-artem-podrez-6466669-2160x3840-30fps_mp4-112_jpg.rf.310df9a34a7fdf18fb67890c1051735b.jpg, 0
pexels-abhinash-mahanta-4852184-1920x1080-30fps_mp4-10_jpg.rf.33205b86ba8294a1ed2e25823d90ec8e.jpg, 1
pexels-abhinash-mahanta-4852184-1920x1080-30fps_mp4-139_jpg.rf.355291e3aace155e1eccb6cf91a741bd.jpg, 1
pexels-abhinash-mahanta-4852184-1920x1080-30fps_mp4-37_jpg.rf.3131fbc8676a77b02477dda2cf27a07e.jpg, 1
pexels-artem-podrez-6466669-2160x3840-30fps_mp4-330_jpg.rf.2de034ffcc2d9eb90dbe1514531dd79e.jpg, 1
pexels-artem-podrez-6466669-2160x3840-30fps_mp4-349_jpg.rf.2d5a3b02c97ddb1afd07472715d1be04.jpg, 0
pexels-artem-podrez-6466669-2160x3840-30fps_mp4-264_jpg.rf.32a20d036cf1bcd0c9100c015df3e493.jpg, 1
pexels-bim-bim-5359848-1920x1080-30fps_mp4-85_jpg.rf.2bcf2f87c4e0ca029930b7160fd64d52.jpg, 1
pexels-abhinash-mahanta-4852184-1920x1080-30fps_mp4-117_jpg.rf.2f6125a48756117333470588c26efa7f.jpg, 1
pexels-artem-podrez-6466669-2160x3840-30fps_mp4-331_jpg.rf.2508f0f8e37f786e5b9e5818814c85c3.jpg, 1
pexels-abhinash-mahanta-4852184-1920x1080-30fps_mp4-28_jpg.rf.3577ade6487c2d0350dc1608e6171990.jpg, 1
pexels-abhinash-mahanta-4852184-1920x1080-30fps_mp4-7_jpg.rf.21fc9e75fe3c4b81d180aeed9857271f.jpg, 1
pexels-bim-bim-5359848-1920x1080-30fps_mp4-84_jpg.rf.38992ef7b62f24776647c641827095ce.jpg, 1
pexels-artem-podrez-6466669-2160x3840-30fps_mp4-138_jpg.rf.257159a91114bce68c6d22a93df2ed27.jpg, 0
pexels-abhinash-mahanta-4852184-1920x1080-30fps_mp4-0_jpg.rf.3867b02424672a5949f8ad902e810b82.jpg, 1
pexels-artem-podrez-6466669-2160x3840-30fps_mp4-169_jpg.rf.2e791642eee4e80bb505a56cb308f706.jpg, 0
pexels-artem-podrez-6466669-2160x3840-30fps_mp4-393_jpg.rf.3a84cd2cec75aa6af76c06330c27890f.jpg, 0
pexels-abhinash-mahanta-4852184-1920x1080-30fps_mp4-241_jpg.rf.373544eb01aae2bf7b172b5c3a63af81.jpg, 1
pexels-artem-podrez-6466669-2160x3840-30fps_mp4-64_jpg.rf.3c40938c21b2bce978b2506a8a6f8455.jpg, 0
pexels-artem-podrez-6466669-2160x3840-30fps_mp4-379_jpg.rf.37388cd7d0943159e39bf5f6ddda487d.jpg, 0
pexels-artem-podrez-6466669-2160x3840-30fps_mp4-327_jpg.rf.3c28a2aeb5131c2dae5c55aa259868aa.jpg, 1
pexels-abhinash-mahanta-4852184-1920x1080-30fps_mp4-289_jpg.rf.2a9b9550c308e357eb41279ea245eab5.jpg, 1
pexels-bim-bim-5359848-1920x1080-30fps_mp4-55_jpg.rf.3e22796fa750045d37a013714bde3dd6.jpg, 1
pexels-artem-podrez-6466669-2160x3840-30fps_mp4-363_jpg.rf.3fa59619097bf3da48cdeda3658fbef3.jpg, 0
pexels-artem-podrez-6466669-2160x3840-30fps_mp4-234_jpg.rf.3bc238f51d24225db300e3c1bd7761d9.jpg, 0
pexels-artem-podrez-6466669-2160x3840-30fps_mp4-388_jpg.rf.39230561d5cdcb10e0b49e86efb07583.jpg, 0
pexels-bim-bim-5359848-1920x1080-30fps_mp4-33_jpg.rf.3f50b1157a1cce6262ba3c0541a39bfb.jpg, 1
pexels-abhinash-mahanta-4852184-1920x1080-30fps_mp4-36_jpg.rf.22b1e8644c3b7827bdd64c0802e2b314.jpg, 1
pexels-artem-podrez-6466669-2160x3840-30fps_mp4-220_jpg.rf.43a6dad07296c4412a05c532785cdb82.jpg, 0
pexels-abhinash-mahanta-4852184-1920x1080-30fps_mp4-271_jpg.rf.3f756a8983aec7742295bc9a9bb00274.jpg, 1
pexels-abhinash-mahanta-4852184-1920x1080-30fps_mp4-153_jpg.rf.3fb1e8609afec8b1e5516718edaa1e00.jpg, 1
pexels-artem-podrez-6466669-2160x3840-30fps_mp4-334_jpg.rf.3fb6c752455e538dab99043d3ec30567.jpg, 1
pexels-abhinash-mahanta-4852184-1920x1080-30fps_mp4-133_jpg.rf.46862a00ef2cf0a325336095d746db0d.jpg, 1
pexels-abhinash-mahanta-4852184-1920x1080-30fps_mp4-316_jpg.rf.45a1b7475bacdaef110fbe7d180ea4da.jpg, 1
pexels-artem-podrez-6466669-2160x3840-30fps_mp4-342_jpg.rf.3f7912efadfb77c39dc0ae776fa68e0b.jpg, 1
pexels-artem-podrez-6466669-2160x3840-30fps_mp4-265_jpg.rf.449d29aeec65e03732b6d08daee9cc99.jpg, 0
pexels-artem-podrez-6466669-2160x3840-30fps_mp4-244_jpg.rf.46997f44187a9f2b3e80d1ede3981fc1.jpg, 1
pexels-artem-podrez-6466669-2160x3840-30fps_mp4-37_jpg.rf.42962457f79f9950237b52959f087876.jpg, 0
pexels-abhinash-mahanta-4852184-1920x1080-30fps_mp4-121_jpg.rf.47aeaf399ba3f76fe48306fb52e17325.jpg, 1
pexels-george-morina-2951209-3840x2160-30fps-1-_mp4-183_jpg.rf.4829d373f8655ee8bcef7076e8d07ba7.jpg, 1
pexels-artem-podrez-6466669-2160x3840-30fps_mp4-411_jpg.rf.4043984adccd3c4207e3cb2da3bccabb.jpg, 0
pexels-artem-podrez-6466669-2160x3840-30fps_mp4-87_jpg.rf.469bc4feedde4b4a1b039d5e226a3160.jpg, 0
pexels-artem-podrez-6466669-2160x3840-30fps_mp4-18_jpg.rf.42c5f9e804c2b92517c506780290a7b1.jpg, 0
pexels-artem-podrez-6466669-2160x3840-30fps_mp4-199_jpg.rf.4efe54ebf35bb70aca15096b81136dd8.jpg, 0
pexels-artem-podrez-6466669-2160x3840-30fps_mp4-247_jpg.rf.4e78754ddb9a205051c61798f945f6c4.jpg, 1
pexels-artem-podrez-6466669-2160x3840-30fps_mp4-400_jpg.rf.4d25e43fdf341623c8e336ba944345c1.jpg, 0
pexels-artem-podrez-6466669-2160x3840-30fps_mp4-313_jpg.rf.4e13e5792175841cf22c84129e7cc61b.jpg, 1
pexels-artem-podrez-6466669-2160x3840-30fps_mp4-279_jpg.rf.51496d04fad5f9db4d8a653952e02f3f.jpg, 0
pexels-bim-bim-5359848-1920x1080-30fps_mp4-43_jpg.rf.53311985dbce8e6f14dfd10f35061c31.jpg, 1
pexels-george-morina-2951209-3840x2160-30fps-1-_mp4-180_jpg.rf.4b99570be08fcb095778902afdbae65e.jpg, 1
pexels-abhinash-mahanta-4852184-1920x1080-30fps_mp4-223_jpg.rf.53c1169ea6d897580b90204780ddc530.jpg, 1
pexels-abhinash-mahanta-4852184-1920x1080-30fps_mp4-93_jpg.rf.4a0598cdf3044a6b1e688dadc7156e6e.jpg, 1
pexels-artem-podrez-6466669-2160x3840-30fps_mp4-102_jpg.rf.51b1d13259a826ae1cd45a21410e432f.jpg, 0
pexels-artem-podrez-6466669-2160x3840-30fps_mp4-316_jpg.rf.534923143d029ba67cc6c00989ac13e1.jpg, 1
pexels-bim-bim-5359848-1920x1080-30fps_mp4-0_jpg.rf.586cab3ee6a99a9b58c2545f6845c930.jpg, 1
pexels-artem-podrez-6466669-2160x3840-30fps_mp4-384_jpg.rf.59c0bef418573a3819b459ba9780af0b.jpg, 0
pexels-bim-bim-5359848-1920x1080-30fps_mp4-88_jpg.rf.4e81278d1925ccdc3b9b944e2a29e270.jpg, 1
pexels-artem-podrez-6466669-2160x3840-30fps_mp4-319_jpg.rf.5d4b64de7ffcdf724342383c146ee6d8.jpg, 1
pexels-bim-bim-5359848-1920x1080-30fps_mp4-40_jpg.rf.5185a1f541907bd4d5ab584ac1edb9f8.jpg, 1
pexels-abhinash-mahanta-4852184-1920x1080-30fps_mp4-234_jpg.rf.59e3e1af1cc370a72ff177b7bcdcea00.jpg, 1
pexels-abhinash-mahanta-4852184-1920x1080-30fps_mp4-231_jpg.rf.5cedda16a39c386f4c2dcccc8ad19524.jpg, 1
pexels-abhinash-mahanta-4852184-1920x1080-30fps_mp4-306_jpg.rf.57a66a873f89f1848cb19605f5cf5e03.jpg, 1
pexels-abhinash-mahanta-4852184-1920x1080-30fps_mp4-96_jpg.rf.5c9137c9c28b00a3473f343c50a10ddb.jpg, 1
pexels-bim-bim-5359848-1920x1080-30fps_mp4-45_jpg.rf.5df347078933723816606e5a3bcf3da9.jpg, 1
pexels-abhinash-mahanta-4852184-1920x1080-30fps_mp4-238_jpg.rf.5ae81c2d29fbb63689196fe919fce789.jpg, 1
pexels-bim-bim-5359848-1920x1080-30fps_mp4-69_jpg.rf.5ebf57afc5ffef3074b95f3a1f53aa4b.jpg, 1
pexels-abhinash-mahanta-4852184-1920x1080-30fps_mp4-75_jpg.rf.5e0c2577b182ef2109cb0c5fe0c3b64b.jpg, 1
pexels-abhinash-mahanta-4852184-1920x1080-30fps_mp4-33_jpg.rf.5c8f7fca71b10f788d91235c37df5871.jpg, 1
pexels-artem-podrez-6466669-2160x3840-30fps_mp4-40_jpg.rf.5e386e2223b2b372474b3b8d39680cd1.jpg, 0
pexels-artem-podrez-6466669-2160x3840-30fps_mp4-67_jpg.rf.57da3a98d90d6b9a081facaf7000bd2e.jpg, 0
pexels-bim-bim-5359848-1920x1080-30fps_mp4-83_jpg.rf.5fc2e7d796d6f88fdcf3cd7c07e84269.jpg, 1
pexels-abhinash-mahanta-4852184-1920x1080-30fps_mp4-102_jpg.rf.5299d11a49cc1d0edcde3711accec035.jpg, 1
pexels-abhinash-mahanta-4852184-1920x1080-30fps_mp4-294_jpg.rf.596a1b96b72de805cb21026865397351.jpg, 1
pexels-artem-podrez-6466669-2160x3840-30fps_mp4-255_jpg.rf.5f8e55a1f8b84348e172b0e717632fb8.jpg, 1
pexels-abhinash-mahanta-4852184-1920x1080-30fps_mp4-108_jpg.rf.5c02bde103ef16e7058eac97d3f0f00c.jpg, 1
pexels-abhinash-mahanta-4852184-1920x1080-30fps_mp4-15_jpg.rf.5d4aaf21a67e98635e7a4d26202307cf.jpg, 1
pexels-artem-podrez-6466669-2160x3840-30fps_mp4-303_jpg.rf.5edadd17f7ed8d41f1e01bea25dfe12d.jpg, 1
pexels-abhinash-mahanta-4852184-1920x1080-30fps_mp4-216_jpg.rf.5b30216aad80c331ae95d498f37bfbac.jpg, 1
pexels-abhinash-mahanta-4852184-1920x1080-30fps_mp4-312_jpg.rf.62d14bdb590c3b6b2696fb83d5f70594.jpg, 1
pexels-abhinash-mahanta-4852184-1920x1080-30fps_mp4-45_jpg.rf.61863024e0340a9ecc93b7a0a8494768.jpg, 1
pexels-artem-podrez-6466669-2160x3840-30fps_mp4-235_jpg.rf.66664a53cb37a2dd0b685bb577af7a1d.jpg, 1
pexels-artem-podrez-6466669-2160x3840-30fps_mp4-187_jpg.rf.6434046d4055e9b0285c54759e8b675c.jpg, 0
pexels-abhinash-mahanta-4852184-1920x1080-30fps_mp4-69_jpg.rf.68ee1a1983e3e93b5a5ad56d67de355a.jpg, 1
pexels-artem-podrez-6466669-2160x3840-30fps_mp4-345_jpg.rf.679f32287651f70d093bdde8b5013145.jpg, 0
pexels-bim-bim-5359848-1920x1080-30fps_mp4-62_jpg.rf.63836a9eb819cb48ae415f9b1cfc60da.jpg, 1
pexels-artem-podrez-6466669-2160x3840-30fps_mp4-315_jpg.rf.5d7064a91200a2e9d0c60c345294268b.jpg, 1
pexels-bim-bim-5359848-1920x1080-30fps_mp4-25_jpg.rf.6c693eece1a42264803fbc3814bb9089.jpg, 1
pexels-abhinash-mahanta-4852184-1920x1080-30fps_mp4-159_jpg.rf.6b44a3ca04892000409b90ef8e9375ee.jpg, 1
pexels-artem-podrez-6466669-2160x3840-30fps_mp4-123_jpg.rf.6d760041bb20675e47cb16518357ca41.jpg, 0
pexels-artem-podrez-6466669-2160x3840-30fps_mp4-258_jpg.rf.6481dee6ff1ea85acadf4f269963be0f.jpg, 1
pexels-artem-podrez-6466669-2160x3840-30fps_mp4-19_jpg.rf.61204582cfb7e8de307fbd948258dfc6.jpg, 0
pexels-artem-podrez-6466669-2160x3840-30fps_mp4-354_jpg.rf.686f9156eefc90e8d7afdd1849eab783.jpg, 0
pexels-artem-podrez-6466669-2160x3840-30fps_mp4-369_jpg.rf.6d75548e2832bd99997df5822685f8e2.jpg, 0
pexels-artem-podrez-6466669-2160x3840-30fps_mp4-120_jpg.rf.6dc5f90ecd9f2feaf026887882ceb53d.jpg, 0
pexels-artem-podrez-6466669-2160x3840-30fps_mp4-285_jpg.rf.6e69455419be3085a99dc6fa8fb0d981.jpg, 1
pexels-artem-podrez-6466669-2160x3840-30fps_mp4-85_jpg.rf.70c4d0cea6622891c240015f3fe1a0ac.jpg, 0
pexels-artem-podrez-6466669-2160x3840-30fps_mp4-49_jpg.rf.6e685aa52bdc8807e5f2f4dbf465d70f.jpg, 0
pexels-artem-podrez-6466669-2160x3840-30fps_mp4-78_jpg.rf.74627b27a5c77926b2eb909479f2df0d.jpg, 0
pexels-artem-podrez-6466669-2160x3840-30fps_mp4-253_jpg.rf.71359bd7959bf47a468f56860aefe292.jpg, 1
pexels-abhinash-mahanta-4852184-1920x1080-30fps_mp4-42_jpg.rf.76c2012fce779e0c6ee2d14fb0774c08.jpg, 1
pexels-artem-podrez-6466669-2160x3840-30fps_mp4-51_jpg.rf.7056786d27510f5a82e678c4e38caee0.jpg, 0
pexels-juan-manuel-ferraro-4762116-3840x2160-50fps_mp4-249_jpg.rf.79b772c6ce7eb1daeb063ad1ee963b71.jpg, 1
pexels-artem-podrez-6466669-2160x3840-30fps_mp4-46_jpg.rf.788160fad124c8365240e6c7a9313430.jpg, 0
pexels-artem-podrez-6466669-2160x3840-30fps_mp4-70_jpg.rf.78665762903c56008e306fc3f2a1e102.jpg, 0
pexels-bim-bim-5359848-1920x1080-30fps_mp4-72_jpg.rf.7ac35d7acd66a408cd48ab44c8a29bfe.jpg, 1
pexels-abhinash-mahanta-4852184-1920x1080-30fps_mp4-222_jpg.rf.65b8d001fce144e6a21a90937d721666.jpg, 1
pexels-artem-podrez-6466669-2160x3840-30fps_mp4-144_jpg.rf.60dc56b52da95107281a4997261ef218.jpg, 0
pexels-abhinash-mahanta-4852184-1920x1080-30fps_mp4-258_jpg.rf.6fcd3d730d64c2af8dd279bacfa3cfeb.jpg, 1
pexels-abhinash-mahanta-4852184-1920x1080-30fps_mp4-273_jpg.rf.6eb6305ecadc8e73f787ddd0c0bffd0f.jpg, 1
pexels-artem-podrez-6466669-2160x3840-30fps_mp4-195_jpg.rf.7b69ba930f98bf06b80e2e687fe3d8c6.jpg, 0
pexels-abhinash-mahanta-4852184-1920x1080-30fps_mp4-126_jpg.rf.77c51bf2e200ad1259724bc40ec50bdf.jpg, 1
pexels-artem-podrez-6466669-2160x3840-30fps_mp4-394_jpg.rf.786395bcdd964925b483b2e0d35cd565.jpg, 0
pexels-bim-bim-5359848-1920x1080-30fps_mp4-70_jpg.rf.7c19e5256fd433bc7b847e50d237a4dc.jpg, 1
pexels-artem-podrez-6466669-2160x3840-30fps_mp4-181_jpg.rf.79598928f781b83d5d799148643ab44a.jpg, 0
pexels-juan-manuel-ferraro-4762116-3840x2160-50fps_mp4-245_jpg.rf.7f00544e1e11430bce8908c5d3b249fc.jpg, 1
pexels-george-morina-2951209-3840x2160-30fps-1-_mp4-179_jpg.rf.8482cfbc1cedfcf4df6a603625c14c94.jpg, 1
pexels-abhinash-mahanta-4852184-1920x1080-30fps_mp4-310_jpg.rf.84c007dc24eaceebd13dce7a4056596d.jpg, 1
pexels-bim-bim-5359848-1920x1080-30fps_mp4-63_jpg.rf.82a5e0ff309e179f3cce1cfab571d63b.jpg, 1
pexels-artem-podrez-6466669-2160x3840-30fps_mp4-60_jpg.rf.7ecd32daeb33b7b9d472fd5d3c383a68.jpg, 0
pexels-abhinash-mahanta-4852184-1920x1080-30fps_mp4-24_jpg.rf.87d6fb78f9470b8d516e954bef6ad0b7.jpg, 1
pexels-artem-podrez-6466669-2160x3840-30fps_mp4-186_jpg.rf.882325c5c5baf41b0128c4d664bf1ef9.jpg, 0
pexels-abhinash-mahanta-4852184-1920x1080-30fps_mp4-268_jpg.rf.8817b87801858401402ac642f9fcf145.jpg, 1
pexels-artem-podrez-6466669-2160x3840-30fps_mp4-135_jpg.rf.84303e35cfe085ab94aa798eaa5bc3a5.jpg, 0
pexels-artem-podrez-6466669-2160x3840-30fps_mp4-390_jpg.rf.8704e37c851d87c7702c6b868c62fb57.jpg, 0
pexels-artem-podrez-6466669-2160x3840-30fps_mp4-246_jpg.rf.82d0a73e3e62da4efdfe28359cecf971.jpg, 1
pexels-artem-podrez-6466669-2160x3840-30fps_mp4-343_jpg.rf.87fdef1bd29dd2a0a2c1b804904173fa.jpg, 0
pexels-artem-podrez-6466669-2160x3840-30fps_mp4-207_jpg.rf.8ad0fddd8d2dd9b71fb6ef9af2f2e01d.jpg, 0
pexels-artem-podrez-6466669-2160x3840-30fps_mp4-274_jpg.rf.8c1afe9fe6f9db001225463d7c12d741.jpg, 0
pexels-artem-podrez-6466669-2160x3840-30fps_mp4-396_jpg.rf.8fd43859f3026ad1f6a498059f4aa04a.jpg, 0
pexels-artem-podrez-6466669-2160x3840-30fps_mp4-298_jpg.rf.88f1351ebe63254337230848b575f56b.jpg, 1
pexels-bim-bim-5359848-1920x1080-30fps_mp4-36_jpg.rf.8fbc92ab5fe83f2739936d25ab67b2b7.jpg, 1
pexels-artem-podrez-6466669-2160x3840-30fps_mp4-31_jpg.rf.8e4f4dfa955b1de9762b773f78de4810.jpg, 0
pexels-abhinash-mahanta-4852184-1920x1080-30fps_mp4-300_jpg.rf.8c7a398afc999c53c18f1e24c674505c.jpg, 1
pexels-artem-podrez-6466669-2160x3840-30fps_mp4-291_jpg.rf.9524ed07558b1a6a8e0de4c68590108e.jpg, 1
pexels-abhinash-mahanta-4852184-1920x1080-30fps_mp4-30_jpg.rf.92c6b3386913b8c173ee57d9b6b85b31.jpg, 1
pexels-artem-podrez-6466669-2160x3840-30fps_mp4-309_jpg.rf.8e2c43f1a9fe3424ae9b8229b513be19.jpg, 1
pexels-artem-podrez-6466669-2160x3840-30fps_mp4-99_jpg.rf.8b2e6da75239f0d3af4304e0f4a0c19d.jpg, 0
pexels-artem-podrez-6466669-2160x3840-30fps_mp4-117_jpg.rf.931372e9384bdc1fbef6a86ad0db97d8.jpg, 0
pexels-abhinash-mahanta-4852184-1920x1080-30fps_mp4-301_jpg.rf.90b8f1947bbcc843cefff69978558043.jpg, 1
pexels-abhinash-mahanta-4852184-1920x1080-30fps_mp4-228_jpg.rf.96284e82aa30a3a300df80fc9d6249fb.jpg, 1
pexels-bim-bim-5359848-1920x1080-30fps_mp4-87_jpg.rf.902881ea7352a70c4da424e0bdeadf97.jpg, 1
pexels-abhinash-mahanta-4852184-1920x1080-30fps_mp4-225_jpg.rf.9540b4475533b4978fd4085d62303cb9.jpg, 1
pexels-artem-podrez-6466669-2160x3840-30fps_mp4-145_jpg.rf.967bca47cbde724bf024d42717a65d05.jpg, 0
pexels-abhinash-mahanta-4852184-1920x1080-30fps_mp4-249_jpg.rf.959fc652c78715973640e695fc918ec1.jpg, 1
pexels-juan-manuel-ferraro-4762116-3840x2160-50fps_mp4-250_jpg.rf.95a30efdbc490311ac37cf02454f5c77.jpg, 1
pexels-abhinash-mahanta-4852184-1920x1080-30fps_mp4-274_jpg.rf.8c756b5130e7b22a76d0a590d63253ec.jpg, 1
pexels-bim-bim-5359848-1920x1080-30fps_mp4-27_jpg.rf.8fbf57401c49e7c0fbadaa58f78ac73e.jpg, 1
pexels-artem-podrez-6466669-2160x3840-30fps_mp4-3_jpg.rf.91659f1176c5d3b287fcad109e928382.jpg, 0
pexels-abhinash-mahanta-4852184-1920x1080-30fps_mp4-136_jpg.rf.92c807d907ee03b4509326726856fa98.jpg, 1
pexels-artem-podrez-6466669-2160x3840-30fps_mp4-237_jpg.rf.91a8c9124ee7d3450da88419c8969fb2.jpg, 1
pexels-bim-bim-5359848-1920x1080-30fps_mp4-37_jpg.rf.99e7c4aef126132e8c1dd3a712e905ab.jpg, 1
pexels-artem-podrez-6466669-2160x3840-30fps_mp4-73_jpg.rf.a14a6446ac16b574756010139aade3ca.jpg, 0
pexels-abhinash-mahanta-4852184-1920x1080-30fps_mp4-1_jpg.rf.a225efd51c8e7c0543e5731bd429f665.jpg, 1
pexels-artem-podrez-6466669-2160x3840-30fps_mp4-126_jpg.rf.9be2f7c219a87015dfa62def4365f801.jpg, 0
pexels-artem-podrez-6466669-2160x3840-30fps_mp4-69_jpg.rf.a0dd2370ec65062a3f96add984f88dc5.jpg, 0
pexels-artem-podrez-6466669-2160x3840-30fps_mp4-205_jpg.rf.95e742e9abad99f76799447e99262b77.jpg, 0
pexels-artem-podrez-6466669-2160x3840-30fps_mp4-276_jpg.rf.a36d52d0128cfe165bb12aae83ccbd52.jpg, 0
pexels-artem-podrez-6466669-2160x3840-30fps_mp4-162_jpg.rf.a5a0ca99df341d57dff6938c792b85fd.jpg, 0
pexels-abhinash-mahanta-4852184-1920x1080-30fps_mp4-72_jpg.rf.a5fc373d797aca25a1e119e9320898ec.jpg, 1
pexels-abhinash-mahanta-4852184-1920x1080-30fps_mp4-280_jpg.rf.9a95ec37edd851b30652b08204bbedd5.jpg, 1
pexels-abhinash-mahanta-4852184-1920x1080-30fps_mp4-58_jpg.rf.a23f666643f360e3b0aeee18bc887a5f.jpg, 1
pexels-artem-podrez-6466669-2160x3840-30fps_mp4-373_jpg.rf.9feff4f84462d79da3e7a7ccbfbc0cc1.jpg, 0
pexels-artem-podrez-6466669-2160x3840-30fps_mp4-0_jpg.rf.a22949923874e912dead90f29adf2189.jpg, 0
pexels-artem-podrez-6466669-2160x3840-30fps_mp4-58_jpg.rf.96e6b0e6730c91bd92c083daee026e76.jpg, 0
pexels-artem-podrez-6466669-2160x3840-30fps_mp4-175_jpg.rf.986a04b0fe266a087213ca74e6e8427f.jpg, 0
pexels-george-morina-2951209-3840x2160-30fps-1-_mp4-182_jpg.rf.9b4bc2b37edba510bb79f463d3cd3ad0.jpg, 1
pexels-abhinash-mahanta-4852184-1920x1080-30fps_mp4-40_jpg.rf.9a651cc2fd28fb7b2f60e78506a94c6e.jpg, 1
pexels-juan-manuel-ferraro-4762116-3840x2160-50fps_mp4-247_jpg.rf.a1b1961d147b58f47784843d70855102.jpg, 1
pexels-bim-bim-5359848-1920x1080-30fps_mp4-31_jpg.rf.a707313cc8719730d0ba41fa9f2cc854.jpg, 1
pexels-artem-podrez-6466669-2160x3840-30fps_mp4-406_jpg.rf.99bb226a7a5684a4a19e1a941a537bd0.jpg, 0
pexels-artem-podrez-6466669-2160x3840-30fps_mp4-310_jpg.rf.a74ae83ba6977ab203aba4c0644ad635.jpg, 1
pexels-bim-bim-5359848-1920x1080-30fps_mp4-2_jpg.rf.9f0ff32f2153874b7e6df80eb04ec0a6.jpg, 1
pexels-abhinash-mahanta-4852184-1920x1080-30fps_mp4-105_jpg.rf.a83785f500a6373d31c3ea576000e99d.jpg, 1
pexels-artem-podrez-6466669-2160x3840-30fps_mp4-100_jpg.rf.a1c4018cad4ba4ecca5b21d3ea4f2d4f.jpg, 0
pexels-abhinash-mahanta-4852184-1920x1080-30fps_mp4-253_jpg.rf.a5aed46feef09cfe4ca4026d74624666.jpg, 1
pexels-abhinash-mahanta-4852184-1920x1080-30fps_mp4-162_jpg.rf.a0c61e4be9bf47ee81a7e896d2b78c48.jpg, 1
pexels-abhinash-mahanta-4852184-1920x1080-30fps_mp4-283_jpg.rf.a8095c8e5667eaa4de30500d8a659b1d.jpg, 1
pexels-abhinash-mahanta-4852184-1920x1080-30fps_mp4-276_jpg.rf.ae3f4191f3bdf5b7b3cb06f098393fe5.jpg, 1
pexels-artem-podrez-6466669-2160x3840-30fps_mp4-97_jpg.rf.977b6f8bdbf61d5768599bcab887d241.jpg, 0
pexels-artem-podrez-6466669-2160x3840-30fps_mp4-211_jpg.rf.aa1af26898c5cc3f1d39ddf166b0131b.jpg, 0
pexels-abhinash-mahanta-4852184-1920x1080-30fps_mp4-247_jpg.rf.ad54989269365d20b8b8cd3fc1129858.jpg, 1
pexels-artem-podrez-6466669-2160x3840-30fps_mp4-22_jpg.rf.ac51277254aca2b833046fbdad3a2f60.jpg, 0
pexels-artem-podrez-6466669-2160x3840-30fps_mp4-153_jpg.rf.ae7f3845cdb51518fd2d4d8e9fc84895.jpg, 0
pexels-juan-manuel-ferraro-4762116-3840x2160-50fps_mp4-242_jpg.rf.b4f41304615f0e365b07c1abf71ee4f5.jpg, 1
pexels-bim-bim-5359848-1920x1080-30fps_mp4-56_jpg.rf.af45ead719da70d355232d49d5745ded.jpg, 1
pexels-abhinash-mahanta-4852184-1920x1080-30fps_mp4-297_jpg.rf.b135b1bab1906e361269ab41b8de44f8.jpg, 1
pexels-bim-bim-5359848-1920x1080-30fps_mp4-66_jpg.rf.b11a039cc14dd5a53a384c10897428cf.jpg, 1
pexels-artem-podrez-6466669-2160x3840-30fps_mp4-325_jpg.rf.a9e7168b957dd25bf097fc4ce6c2f673.jpg, 1
pexels-artem-podrez-6466669-2160x3840-30fps_mp4-229_jpg.rf.b668b8b0c8b2d2b58372d7285103df3b.jpg, 0
pexels-abhinash-mahanta-4852184-1920x1080-30fps_mp4-52_jpg.rf.b69e60585bfd586bbd9b913ca49a635b.jpg, 1
pexels-artem-podrez-6466669-2160x3840-30fps_mp4-81_jpg.rf.b017531ba856b8935d1e778a32736406.jpg, 0
pexels-abhinash-mahanta-4852184-1920x1080-30fps_mp4-124_jpg.rf.ab51c4affe8e028c0c2a876a0dd59664.jpg, 1
pexels-abhinash-mahanta-4852184-1920x1080-30fps_mp4-67_jpg.rf.afff6d80699c9e1d96a146578a9de49c.jpg, 1
pexels-juan-manuel-ferraro-4762116-3840x2160-50fps_mp4-239_jpg.rf.aec92065615ae9f58598ffd7cec90f37.jpg, 1
pexels-artem-podrez-6466669-2160x3840-30fps_mp4-109_jpg.rf.b493d311ba84acd000b1d81f7a5d7146.jpg, 0
pexels-abhinash-mahanta-4852184-1920x1080-30fps_mp4-39_jpg.rf.b226b28a29febbe3b37a1509ae0b0b05.jpg, 1
pexels-artem-podrez-6466669-2160x3840-30fps_mp4-43_jpg.rf.b3b061907982105467b78c6c336904cd.jpg, 0
pexels-artem-podrez-6466669-2160x3840-30fps_mp4-166_jpg.rf.b3b3fd09e159c32f056d6d249c0bd879.jpg, 0
pexels-bim-bim-5359848-1920x1080-30fps_mp4-79_jpg.rf.b14288009e553fd251ff07728b657c09.jpg, 1
pexels-bim-bim-5359848-1920x1080-30fps_mp4-64_jpg.rf.b84a4f538bc63e564eeeabe4a9c885db.jpg, 1
pexels-artem-podrez-6466669-2160x3840-30fps_mp4-238_jpg.rf.b81d5cc11f592888c3d25b79cbc8d305.jpg, 1
pexels-bim-bim-5359848-1920x1080-30fps_mp4-50_jpg.rf.b9cf862e28bae7d9b773bd4433b2598b.jpg, 1
pexels-bim-bim-5359848-1920x1080-30fps_mp4-42_jpg.rf.b7e213acf312632321c3320b2122c05b.jpg, 1
pexels-artem-podrez-6466669-2160x3840-30fps_mp4-351_jpg.rf.bc07a88226cf9d6de245231b47c6b010.jpg, 0
pexels-abhinash-mahanta-4852184-1920x1080-30fps_mp4-288_jpg.rf.bb0dec07319607024a01d66c7998931c.jpg, 1
pexels-artem-podrez-6466669-2160x3840-30fps_mp4-25_jpg.rf.b8abfb9ee465cd02fbc11d2d9f40799f.jpg, 0
pexels-artem-podrez-6466669-2160x3840-30fps_mp4-280_jpg.rf.bf459a102e854e49e6aff5b51a17458b.jpg, 1
pexels-artem-podrez-6466669-2160x3840-30fps_mp4-228_jpg.rf.ba73b9beca509522389c01a8aac615b1.jpg, 0
pexels-abhinash-mahanta-4852184-1920x1080-30fps_mp4-138_jpg.rf.c160e528612a251e61d1caada6057d45.jpg, 1
pexels-artem-podrez-6466669-2160x3840-30fps_mp4-249_jpg.rf.bf33ee61af30d969a169d7c280a39f57.jpg, 1
pexels-abhinash-mahanta-4852184-1920x1080-30fps_mp4-232_jpg.rf.c00c8347d1dab9652d3b3ca90b1a229f.jpg, 1
pexels-abhinash-mahanta-4852184-1920x1080-30fps_mp4-18_jpg.rf.c21b35032717a4ac95197b36eac96192.jpg, 1
pexels-artem-podrez-6466669-2160x3840-30fps_mp4-259_jpg.rf.b811e4c1112675fe732a061200574d04.jpg, 1
pexels-artem-podrez-6466669-2160x3840-30fps_mp4-306_jpg.rf.c04a8c4762960b5da6104e375c9ebf0a.jpg, 1
pexels-abhinash-mahanta-4852184-1920x1080-30fps_mp4-279_jpg.rf.bcc5f37c1682d1599fdff6495ad434fe.jpg, 1
pexels-abhinash-mahanta-4852184-1920x1080-30fps_mp4-66_jpg.rf.c563905cd1ba9abba2fac97fad06fe8f.jpg, 1
pexels-artem-podrez-6466669-2160x3840-30fps_mp4-387_jpg.rf.be9bf4cf1021357a60f5e34fed38d823.jpg, 0
pexels-artem-podrez-6466669-2160x3840-30fps_mp4-367_jpg.rf.c319403af5f05074e99c0d99e0df3e62.jpg, 0
pexels-artem-podrez-6466669-2160x3840-30fps_mp4-115_jpg.rf.c2cbe0a9cb8f5633212955848194dbe7.jpg, 0
pexels-bim-bim-5359848-1920x1080-30fps_mp4-41_jpg.rf.c2e905a7d97f1d7381f1b36957503b78.jpg, 1
pexels-artem-podrez-6466669-2160x3840-30fps_mp4-39_jpg.rf.c177ddfd4df3c1cba3020f568e4f6982.jpg, 0
pexels-artem-podrez-6466669-2160x3840-30fps_mp4-174_jpg.rf.c3df4fdc5854f6c10ddae0a580922a0c.jpg, 0
pexels-artem-podrez-6466669-2160x3840-30fps_mp4-28_jpg.rf.c9be4c35021c39058cdb68a6608bfd2a.jpg, 0
pexels-abhinash-mahanta-4852184-1920x1080-30fps_mp4-13_jpg.rf.c4da638c50e482531d0cb2cdbf1d495c.jpg, 1
pexels-abhinash-mahanta-4852184-1920x1080-30fps_mp4-277_jpg.rf.c9f463b345ba8dd6eed95256422f4b12.jpg, 1
pexels-abhinash-mahanta-4852184-1920x1080-30fps_mp4-156_jpg.rf.c5bbda555761e63bd3447876baa7a7e2.jpg, 1
pexels-artem-podrez-6466669-2160x3840-30fps_mp4-328_jpg.rf.c2a884a34e096b631a28ab36dc1c1937.jpg, 1
pexels-abhinash-mahanta-4852184-1920x1080-30fps_mp4-270_jpg.rf.d1060f3805f10dfd69b11e1e3b3885d9.jpg, 1
pexels-bim-bim-5359848-1920x1080-30fps_mp4-22_jpg.rf.c98745fbf3eef1d7886cb9ac79ccdf59.jpg, 1
pexels-bim-bim-5359848-1920x1080-30fps_mp4-34_jpg.rf.cb7abc77b601985193c39e9944d0d5f9.jpg, 1
pexels-abhinash-mahanta-4852184-1920x1080-30fps_mp4-19_jpg.rf.d39af5d6fc58ee877883e3429b7c6fbd.jpg, 1
pexels-artem-podrez-6466669-2160x3840-30fps_mp4-286_jpg.rf.d0f009b825658af08f117b38ba887fc4.jpg, 1
pexels-artem-podrez-6466669-2160x3840-30fps_mp4-340_jpg.rf.cd3ec9d1c0f68b93bc869f8f69d9ea5c.jpg, 1
pexels-abhinash-mahanta-4852184-1920x1080-30fps_mp4-21_jpg.rf.d64358a65db3139011066a54d031b9c6.jpg, 1
pexels-bim-bim-5359848-1920x1080-30fps_mp4-24_jpg.rf.cc48f5eb0ea0321722aad8883d13d6ce.jpg, 1
pexels-artem-podrez-6466669-2160x3840-30fps_mp4-54_jpg.rf.d6fe69be6c8d1b78d7d3df6542502b1f.jpg, 0
pexels-artem-podrez-6466669-2160x3840-30fps_mp4-270_jpg.rf.d0cbab7855267d43e8b3e336b81e6914.jpg, 0
pexels-artem-podrez-6466669-2160x3840-30fps_mp4-408_jpg.rf.cfb8ed67f89c2685bcab8193f5768794.jpg, 0
pexels-artem-podrez-6466669-2160x3840-30fps_mp4-121_jpg.rf.d476b63f77ab3ef5b35915f03a1ebfe3.jpg, 0
pexels-abhinash-mahanta-4852184-1920x1080-30fps_mp4-147_jpg.rf.d41f2d0bb5422c305c65eb0af9b04dd5.jpg, 1
pexels-artem-podrez-6466669-2160x3840-30fps_mp4-16_jpg.rf.d2f048d3963d75a0a5c1c5fa43675a29.jpg, 0
pexels-artem-podrez-6466669-2160x3840-30fps_mp4-358_jpg.rf.d7bb3bef76907e1bcbff3e7b805a6b47.jpg, 0
pexels-abhinash-mahanta-4852184-1920x1080-30fps_mp4-129_jpg.rf.d42e8546b18406453069fb36682233b3.jpg, 1
pexels-abhinash-mahanta-4852184-1920x1080-30fps_mp4-9_jpg.rf.d20dde2221ed5f14b1ffb5c1375ea884.jpg, 1
pexels-artem-podrez-6466669-2160x3840-30fps_mp4-391_jpg.rf.d3cb8ab36d637921983cf26753968ba2.jpg, 0
pexels-abhinash-mahanta-4852184-1920x1080-30fps_mp4-127_jpg.rf.d06b4726dd04fcba364ff049acc5f23a.jpg, 1
pexels-artem-podrez-6466669-2160x3840-30fps_mp4-118_jpg.rf.d8e76495fa59452f3acb2841648120ea.jpg, 0
pexels-bim-bim-5359848-1920x1080-30fps_mp4-78_jpg.rf.d56ee809302f4504631d81b4498fba7e.jpg, 1
pexels-abhinash-mahanta-4852184-1920x1080-30fps_mp4-285_jpg.rf.d79e951c2f0ef074e5017aafd3ca1925.jpg, 1
pexels-artem-podrez-6466669-2160x3840-30fps_mp4-132_jpg.rf.d90b8025d2f1cd56846b6128aac7fd1c.jpg, 0
pexels-artem-podrez-6466669-2160x3840-30fps_mp4-405_jpg.rf.ccf7d9f8a73653a953861d3d0965191a.jpg, 0
pexels-bim-bim-5359848-1920x1080-30fps_mp4-68_jpg.rf.d851450f289c0e249d4ae5e51918a67f.jpg, 1
pexels-abhinash-mahanta-4852184-1920x1080-30fps_mp4-265_jpg.rf.db09af5a4c4692029f1fad82a1e3601f.jpg, 1
pexels-juan-manuel-ferraro-4762116-3840x2160-50fps_mp4-251_jpg.rf.db50915b209c8993cee576a4b35fbb15.jpg, 1
pexels-bim-bim-5359848-1920x1080-30fps_mp4-53_jpg.rf.d769cabfe11fd4b033d630ed8f7d798e.jpg, 1
pexels-artem-podrez-6466669-2160x3840-30fps_mp4-409_jpg.rf.dd6af9bb6e32d22a0bcbac3737a4ba69.jpg, 0
pexels-artem-podrez-6466669-2160x3840-30fps_mp4-141_jpg.rf.dd3de8024e0418a35ed91fd2c04b4eb2.jpg, 0
pexels-abhinash-mahanta-4852184-1920x1080-30fps_mp4-220_jpg.rf.da6c197da82e8de990860403e7adfda0.jpg, 1
pexels-abhinash-mahanta-4852184-1920x1080-30fps_mp4-120_jpg.rf.dcbe41d7843ffddfdfa4884c433d0f69.jpg, 1
pexels-artem-podrez-6466669-2160x3840-30fps_mp4-256_jpg.rf.dc9451dfb5331fa1ba53594dfd0ff3ac.jpg, 1
pexels-artem-podrez-6466669-2160x3840-30fps_mp4-232_jpg.rf.e06535adda7a0e4d489be395e2fe9d9e.jpg, 0
pexels-artem-podrez-6466669-2160x3840-30fps_mp4-136_jpg.rf.dc8f697e11149c19ebb7d81273aab3cd.jpg, 0
pexels-artem-podrez-6466669-2160x3840-30fps_mp4-210_jpg.rf.e531ac8642b8654544c4a8cabdf60a1d.jpg, 0
pexels-abhinash-mahanta-4852184-1920x1080-30fps_mp4-264_jpg.rf.e09a0561d82c5090b57fedc79e1ead2a.jpg, 1
pexels-abhinash-mahanta-4852184-1920x1080-30fps_mp4-79_jpg.rf.dda3c19d30d59f722c0fbbcc3ad52ebb.jpg, 1
pexels-abhinash-mahanta-4852184-1920x1080-30fps_mp4-90_jpg.rf.dcbb3a5f1b53e0f9eb0e1a59487059d1.jpg, 1
pexels-artem-podrez-6466669-2160x3840-30fps_mp4-223_jpg.rf.e35c25fdbefa05b2eca909c479a42a45.jpg, 0
pexels-artem-podrez-6466669-2160x3840-30fps_mp4-216_jpg.rf.dc5efda1c8d3926c936bb27f63ba117c.jpg, 0
pexels-artem-podrez-6466669-2160x3840-30fps_mp4-163_jpg.rf.e47a88294aad053b47dcb34fe2c30765.jpg, 0
pexels-bim-bim-5359848-1920x1080-30fps_mp4-58_jpg.rf.e18a23df810fc904655828648ecd65bf.jpg, 1
pexels-abhinash-mahanta-4852184-1920x1080-30fps_mp4-132_jpg.rf.e3d64515d06689e4c6753bbcaee543bc.jpg, 1
pexels-artem-podrez-6466669-2160x3840-30fps_mp4-366_jpg.rf.e0715e116703d77983de15b5b991756d.jpg, 0
pexels-abhinash-mahanta-4852184-1920x1080-30fps_mp4-235_jpg.rf.e35548eadfc9879455ae48e9e0383357.jpg, 1
pexels-abhinash-mahanta-4852184-1920x1080-30fps_mp4-240_jpg.rf.e3f0e480c53ae0da2c9d71a5d689a105.jpg, 1
pexels-artem-podrez-6466669-2160x3840-30fps_mp4-364_jpg.rf.e5a19a10839760045ea2d3c0ea97b76d.jpg, 0
pexels-artem-podrez-6466669-2160x3840-30fps_mp4-84_jpg.rf.dc824b196512ce37725b1eacbb163ee2.jpg, 0
pexels-abhinash-mahanta-4852184-1920x1080-30fps_mp4-252_jpg.rf.e05270afe97380f8ed38a09f222befc8.jpg, 1
pexels-bim-bim-5359848-1920x1080-30fps_mp4-46_jpg.rf.e5df7ca2b47ee4b94142abf1daa1009d.jpg, 1
pexels-abhinash-mahanta-4852184-1920x1080-30fps_mp4-165_jpg.rf.eae328a7fa8dc879bfe341aefca38a6e.jpg, 1
pexels-bim-bim-5359848-1920x1080-30fps_mp4-65_jpg.rf.eb0ab367ae40eee05f21632e27c66ef9.jpg, 1
pexels-artem-podrez-6466669-2160x3840-30fps_mp4-148_jpg.rf.e1756fbf93adcd9af67eb47837e86768.jpg, 0
pexels-artem-podrez-6466669-2160x3840-30fps_mp4-397_jpg.rf.f64e278452ae77ca08413671e70b44cd.jpg, 0
pexels-abhinash-mahanta-4852184-1920x1080-30fps_mp4-291_jpg.rf.e6e7e4edb4fd0702b1fc8e9603989f50.jpg, 1
pexels-artem-podrez-6466669-2160x3840-30fps_mp4-261_jpg.rf.fa7d090398bfeceb1bbfd861397c432c.jpg, 1
pexels-artem-podrez-6466669-2160x3840-30fps_mp4-382_jpg.rf.f2b730d711e57c0c66e1540db88521cd.jpg, 0
pexels-artem-podrez-6466669-2160x3840-30fps_mp4-226_jpg.rf.eae7b0726fdfe090f929d3de6f12a6a4.jpg, 0
pexels-abhinash-mahanta-4852184-1920x1080-30fps_mp4-255_jpg.rf.f02ba1fdfba0abb1921d9c6cd7606c33.jpg, 1
pexels-abhinash-mahanta-4852184-1920x1080-30fps_mp4-103_jpg.rf.ed575184d8a1f67fb730502802dc0309.jpg, 1
pexels-artem-podrez-6466669-2160x3840-30fps_mp4-165_jpg.rf.f6e6ac8cc82c7d8ca42f66324f07741d.jpg, 0
pexels-juan-manuel-ferraro-4762116-3840x2160-50fps_mp4-252_jpg.rf.f192f15a77dbf833bd5d32eb15bc6963.jpg, 1
pexels-abhinash-mahanta-4852184-1920x1080-30fps_mp4-25_jpg.rf.f341fa788ab9bcd84909dc67ffdb236b.jpg, 1
pexels-abhinash-mahanta-4852184-1920x1080-30fps_mp4-70_jpg.rf.fabb9e4681b0ebbe53da29b1c9b9f921.jpg, 1
pexels-juan-manuel-ferraro-4762116-3840x2160-50fps_mp4-246_jpg.rf.efd72810d835697a016eca2267b51e80.jpg, 1
pexels-abhinash-mahanta-4852184-1920x1080-30fps_mp4-151_jpg.rf.f66ac43c2718d7c692418a8a834d6901.jpg, 1
pexels-artem-podrez-6466669-2160x3840-30fps_mp4-21_jpg.rf.ee2bb840a0207408a96c02ca7714aab7.jpg, 0
pexels-bim-bim-5359848-1920x1080-30fps_mp4-75_jpg.rf.ea1adf4e5dcf28e30a80f809e443e487.jpg, 1
pexels-artem-podrez-6466669-2160x3840-30fps_mp4-88_jpg.rf.f87507148861e95adf6ef5328b770741.jpg, 0
pexels-artem-podrez-6466669-2160x3840-30fps_mp4-154_jpg.rf.f6ae1ac5c255b7a676600fe58804734b.jpg, 0
pexels-abhinash-mahanta-4852184-1920x1080-30fps_mp4-84_jpg.rf.fb283137ebe6c0464376cda71558b220.jpg, 1
pexels-artem-podrez-6466669-2160x3840-30fps_mp4-193_jpg.rf.ea8823239d43dd5ba3bd3b75522f601e.jpg, 0
pexels-bim-bim-5359848-1920x1080-30fps_mp4-81_jpg.rf.fbf6080a06d850c75441e58596d64ef7.jpg, 1
pexels-artem-podrez-6466669-2160x3840-30fps_mp4-267_jpg.rf.e834c86618ea71dd52c2d33365b52a1b.jpg, 0
pexels-artem-podrez-6466669-2160x3840-30fps_mp4-10_jpg.rf.fc1c95f04a04afec4f0013b93e1964b7.jpg, 0
pexels-abhinash-mahanta-4852184-1920x1080-30fps_mp4-292_jpg.rf.fa05678d43e269142233017ba6c67457.jpg, 1
pexels-abhinash-mahanta-4852184-1920x1080-30fps_mp4-229_jpg.rf.fde354cc5343b4d5ec183574526641a7.jpg, 1
pexels-artem-podrez-6466669-2160x3840-30fps_mp4-360_jpg.rf.fb9f50cc299da5b6607b6a5c8b9526ea.jpg, 0
pexels-abhinash-mahanta-4852184-1920x1080-30fps_mp4-82_jpg.rf.fca7eb0cfd19bb70ee6711433eb7f10c.jpg, 1
pexels-artem-podrez-6466669-2160x3840-30fps_mp4-45_jpg.rf.e625e140feab173f83575294d3460c86.jpg, 0
pexels-artem-podrez-6466669-2160x3840-30fps_mp4-250_jpg.rf.fcfe7169de33d80940a20754de05db22.jpg, 1
pexels-artem-podrez-6466669-2160x3840-30fps_mp4-33_jpg.rf.fc93cd830937f955dba735044951e4f1.jpg, 0